timestamp,readable_timestamp,provider_id,federation_id,computation_time,total_time,kafka_latency_ms,peak_memory_mb,cpu_percent,bytes_transmitted,dataset_name,status,lattice_size,encryption_time,serialization_time,network_time,service_discovery_time,key_exchange_time,key_verification_time,message_count,retry_count,strategy,threshold,context_sensitivity,node_count,federation_start_time
1749824881.0176458,2025-06-13 15:28:01,ALM_4,fed_c63xy4ih,0.0039598941802978516,0.0043468475341796875,2.3386478424072266,198.30078125,0.0,1564,connect,completed,0,1.9073486328125e-06,0.00013589859008789062,0.0018341541290283203,0.0005695819854736328,0.0013649463653564453,0.0005352497100830078,2,0,Unknown,0.5,0.2,1,1749824881.0090916
1749824881.0227158,2025-06-13 15:28:01,ALM_3,fed_c63xy4ih,0.006162166595458984,0.007472515106201172,3.6149024963378906,198.50390625,0.0,1564,connect,completed,0,1.9073486328125e-06,0.00015473365783691406,0.0023088455200195312,0.0006208419799804688,0.0013811588287353516,0.0004761219024658203,2,0,Unknown,0.5,0.2,1,1749824881.0101864
1749824881.0268295,2025-06-13 15:28:01,ALM_1,fed_c63xy4ih,0.006772518157958984,0.007258415222167969,1.4879703521728516,197.7109375,0.0,1560,connect,completed,0,1.9073486328125e-06,0.00017404556274414062,0.0016744136810302734,0.0014867782592773438,0.0031557083129882812,0.0011553764343261719,2,0,Unknown,0.5,0.2,1,1749824881.0169215
1749770171.0085638,2025-06-13 00:16:11,ALM_4,fed_v37r8f2i,15.880256652832031,15.883434057235718,668.6360836029053,208.3203125,0.0,2356,mushroom_example,completed,760,1.239776611328125e-05,0.0007765293121337891,0.0020444393157958984,0.0022118091583251953,0.018259763717651367,0.015579700469970703,2,0,Unknown,0.5,0.2,1,1749770154.4538822
1749770172.9737954,2025-06-13 00:16:12,ALM_1,fed_v37r8f2i,17.925570964813232,17.926649570465088,592.9431915283203,208.4296875,0.0,86069,mushroom_example,completed,84472,1.239776611328125e-05,0.0005311965942382812,0.0023162364959716797,0.0031290054321289062,0.017067670822143555,0.013353347778320312,2,0,Unknown,0.5,0.2,1,1749770154.4525828
1749770174.9787402,2025-06-13 00:16:14,ALM_5,fed_v37r8f2i,20.25416111946106,20.256267070770264,242.67005920410156,208.51171875,0.0,81229,mushroom_example,completed,79632,3.337860107421875e-05,0.0008890628814697266,0.003232240676879883,0.0022161006927490234,0.015364885330200195,0.012489080429077148,2,0,Unknown,0.5,0.2,1,1749770154.4779449
1749770176.9877954,2025-06-13 00:16:16,ALM_3,fed_v37r8f2i,21.841359853744507,21.842612504959106,692.2426223754883,209.3671875,0.0,128335,mushroom_example,completed,126736,1.5735626220703125e-05,0.0007624626159667969,0.002216339111328125,0.0038361549377441406,0.018199443817138672,0.01357579231262207,2,0,Unknown,0.5,0.2,1,1749770154.4510403
1749770177.9880338,2025-06-13 00:16:17,ALM_2,fed_v37r8f2i,23.463946104049683,23.46482753753662,66.92051887512207,208.66015625,0.0,133851,mushroom_example,completed,132256,1.9073486328125e-06,0.0008323192596435547,0.0022461414337158203,0.0027523040771484375,0.021243810653686523,0.017525196075439453,2,0,Unknown,0.5,0.2,1,1749770154.4542756
1749821872.4604437,2025-06-13 14:37:52,ALM_1,fed_0k3xug6g,0.0029375553131103516,0.0032618045806884766,3.545522689819336,199.62890625,0.0,1556,skin,completed,0,1.6689300537109375e-06,0.00013399124145507812,0.003931760787963867,0.0007643699645996094,0.0016245841979980469,0.00043773651123046875,2,0,Unknown,0.5,0.2,1,1749821872.4530683
1749821872.4619248,2025-06-13 14:37:52,ALM_5,fed_0k3xug6g,0.004644155502319336,0.0049135684967041016,3.3659934997558594,199.50390625,0.0,1553,skin,completed,0,1.6689300537109375e-06,0.00010514259338378906,0.0028533935546875,0.0004570484161376953,0.0013263225555419922,0.0005471706390380859,2,0,Unknown,0.5,0.2,1,1749821872.451553
1749821872.4648955,2025-06-13 14:37:52,ALM_4,fed_0k3xug6g,0.0029015541076660156,0.003107309341430664,1.2290477752685547,199.1875,0.0,1546,skin,completed,0,9.5367431640625e-07,0.00014519691467285156,0.001123666763305664,0.0006046295166015625,0.0014178752899169922,0.0004470348358154297,2,0,Unknown,0.5,0.2,1,1749821872.4597318
1749821872.4663157,2025-06-13 14:37:52,ALM_2,fed_0k3xug6g,0.003929853439331055,0.004261493682861328,0.9322166442871094,199.2734375,0.0,1550,skin,completed,0,9.5367431640625e-07,0.00010013580322265625,0.0014350414276123047,0.0015125274658203125,0.0022602081298828125,0.0004024505615234375,2,0,Unknown,0.5,0.2,1,1749821872.4602213
1749773643.765458,2025-06-13 01:14:03,ALM_1,fed_46rvj9ic,0.0029299259185791016,0.0034325122833251953,2.5513172149658203,209.078125,0.0,1587,chess_example,completed,0,9.5367431640625e-07,0.0001666545867919922,0.002090930938720703,0.0005657672882080078,0.0012767314910888672,0.00044989585876464844,2,0,Unknown,0.5,0.2,1,1749773643.7571056
1749773977.4150603,2025-06-13 01:19:37,ALM_4,fed_xaf6xx22,2.41692852973938,2.4172184467315674,1.5645027160644531,210.53515625,0.0,1582,chess_example,completed,0,1.430511474609375e-06,0.0001595020294189453,0.0014417171478271484,0.0011968612670898438,0.0024030208587646484,0.0005402565002441406,2,0,Unknown,0.5,0.2,1,1749773974.9956007
1749773978.1727955,2025-06-13 01:19:38,ALM_1,fed_xaf6xx22,3.1703968048095703,3.170663595199585,1.478433609008789,216.04296875,0.0,1584,chess_example,completed,0,1.9073486328125e-06,0.00013518333435058594,0.0009884834289550781,0.00047898292541503906,0.0011816024780273438,0.0004482269287109375,2,0,Unknown,0.5,0.2,1,1749773974.9997964
1749773978.2692454,2025-06-13 01:19:38,ALM_2,fed_xaf6xx22,3.268986225128174,3.2695252895355225,2.115011215209961,211.14453125,0.0,1585,chess_example,completed,0,2.86102294921875e-06,0.00015687942504882812,0.0019037723541259766,0.0007386207580566406,0.0019197463989257812,0.0004165172576904297,2,0,Unknown,0.5,0.2,1,1749773974.9962027
1749773978.3006487,2025-06-13 01:19:38,ALM_5,fed_xaf6xx22,3.292813777923584,3.293048858642578,8.090496063232422,211.87109375,0.0,89122,chess_example,completed,0,1.9073486328125e-06,0.0002727508544921875,0.0018453598022460938,0.0004968643188476562,0.0017385482788085938,0.0006341934204101562,2,0,Unknown,0.5,0.2,1,1749773974.9985309
1749773978.731214,2025-06-13 01:19:38,ALM_3,fed_xaf6xx22,3.7256295680999756,3.7258687019348145,6.959676742553711,206.5859375,0.0,83206,chess_example,completed,0,2.1457672119140625e-06,0.00021195411682128906,0.002379179000854492,0.00057220458984375,0.0018053054809570312,0.0005519390106201172,2,0,Unknown,0.5,0.2,1,1749773974.997433
1749773555.136328,2025-06-13 01:12:35,ALM_3,fed_35pep50u,16.801703929901123,16.802666664123535,674.1847991943359,212.58984375,0.0,1925,mushroom_example,completed,0,2.6226043701171875e-06,0.00019931793212890625,0.0064067840576171875,0.0006718635559082031,0.002750873565673828,0.0017931461334228516,2,0,Unknown,0.5,0.2,1,1749773537.6325073
1749773557.0465052,2025-06-13 01:12:37,ALM_2,fed_35pep50u,18.863418340682983,18.863977193832397,528.7437438964844,213.765625,0.0,94001,mushroom_example,completed,0,2.1457672119140625e-06,0.0002846717834472656,0.008082866668701172,0.0008492469787597656,0.0031075477600097656,0.0020203590393066406,2,0,Unknown,0.5,0.2,1,1749773537.6312296
1749773561.2126534,2025-06-13 01:12:41,ALM_4,fed_35pep50u,22.612390518188477,22.613425731658936,940.7804012298584,213.9140625,0.0,86885,mushroom_example,completed,0,1.9073486328125e-06,0.0003209114074707031,0.008347272872924805,0.0005886554718017578,0.003201723098754883,0.002121448516845703,2,0,Unknown,0.5,0.2,1,1749773537.6309931
1749773563.244601,2025-06-13 01:12:43,ALM_1,fed_35pep50u,24.617023706436157,24.618557929992676,967.5006866455078,214.00390625,0.0,108452,mushroom_example,completed,0,3.5762786865234375e-06,0.0004134178161621094,0.007868289947509766,0.0005300045013427734,0.0032210350036621094,0.0023670196533203125,2,0,Unknown,0.5,0.2,1,1749773537.6305518
1749825234.7911544,2025-06-13 15:33:54,ALM_3,fed_o3oehkzt,0.005461692810058594,0.0056955814361572266,4.676103591918945,200.0703125,0.0,1574,T10I4D100K,completed,0,4.76837158203125e-07,0.0001537799835205078,0.0022656917572021484,0.0007669925689697266,0.003241300582885742,0.0009176731109619141,2,0,Unknown,0.5,0.2,1,1749825234.7798402
1749825234.796551,2025-06-13 15:33:54,ALM_4,fed_o3oehkzt,0.00501704216003418,0.005394458770751953,1.2960433959960938,199.515625,0.0,1576,T10I4D100K,completed,0,1.1920928955078125e-06,0.00016021728515625,0.0015196800231933594,0.0010137557983398438,0.0021102428436279297,0.0006649494171142578,2,0,Unknown,0.5,0.2,1,1749825234.7887895
1749825234.7972062,2025-06-13 15:33:54,ALM_2,fed_o3oehkzt,0.005274295806884766,0.005832195281982422,1.2006759643554688,200.58984375,0.0,1578,T10I4D100K,completed,0,1.1920928955078125e-06,0.00014638900756835938,0.0015316009521484375,0.0007317066192626953,0.002129077911376953,0.000629425048828125,2,0,Unknown,0.5,0.2,1,1749825234.7894375
1749825234.7979853,2025-06-13 15:33:54,ALM_1,fed_o3oehkzt,0.002702951431274414,0.002929210662841797,1.1942386627197266,199.3984375,0.0,1578,T10I4D100K,completed,0,1.1920928955078125e-06,0.00011754035949707031,0.0012660026550292969,0.0005965232849121094,0.0012578964233398438,0.0004134178161621094,2,0,Unknown,0.5,0.2,1,1749825234.7931106
1749772855.3581223,2025-06-13 01:00:55,ALM_4,fed_005hvf31,16.146503448486328,16.14680552482605,10.251045227050781,223.39453125,0.0,92521,mushroom_example,completed,0,1.6689300537109375e-06,0.0002930164337158203,0.002277851104736328,0.001378774642944336,0.0029892921447753906,0.00051116943359375,2,0,Unknown,0.5,0.2,1,1749772839.2000346
1749772855.642827,2025-06-13 01:00:55,ALM_2,fed_005hvf31,16.434876441955566,16.43516969680786,8.420467376708984,216.5546875,0.0,80690,mushroom_example,completed,0,2.1457672119140625e-06,0.00027370452880859375,0.0021049976348876953,0.0010714530944824219,0.0022220611572265625,0.0008168220520019531,2,0,Unknown,0.5,0.2,1,1749772839.198375
1749772856.8905416,2025-06-13 01:00:56,ALM_5,fed_005hvf31,17.673129081726074,17.673388481140137,11.887550354003906,223.453125,0.0,110897,mushroom_example,completed,0,1.430511474609375e-06,0.0003554821014404297,0.002413511276245117,0.0012862682342529297,0.0021839141845703125,0.000606536865234375,2,0,Unknown,0.5,0.2,1,1749772839.203916
1749772857.067641,2025-06-13 01:00:57,ALM_3,fed_005hvf31,17.860275506973267,17.860562324523926,2.038717269897461,215.5234375,0.0,1894,mushroom_example,completed,0,1.1920928955078125e-06,0.00011324882507324219,0.0009844303131103516,0.0005779266357421875,0.0019140243530273438,0.0008955001831054688,2,0,Unknown,0.5,0.2,1,1749772839.204364
1749772859.9207556,2025-06-13 01:00:59,ALM_1,fed_005hvf31,20.70797610282898,20.708166122436523,10.530233383178711,216.58203125,0.0,131483,mushroom_example,completed,0,9.5367431640625e-07,0.000274658203125,0.002849102020263672,0.001422882080078125,0.0022695064544677734,0.000579833984375,2,0,Unknown,0.5,0.2,1,1749772839.2010107
1749852915.1593907,2025-06-13 23:15:15,ALM_5,fed_b41qf41a,0.004014253616333008,0.005206584930419922,1.8246173858642578,198.58984375,0.0,1556,chess,completed,0,1.9073486328125e-06,0.00014972686767578125,0.0016052722930908203,0.0006113052368164062,0.0014166831970214844,0.0005700588226318359,2,0,Unknown,0.5,0.2,1,1749852915.1515074
1749852915.1672826,2025-06-13 23:15:15,ALM_3,fed_b41qf41a,0.004864931106567383,0.005536794662475586,3.2410621643066406,198.32421875,0.0,1560,chess,completed,0,3.5762786865234375e-06,0.0002446174621582031,0.001852273941040039,0.0005900859832763672,0.0013358592987060547,0.0004398822784423828,2,0,Unknown,0.5,0.2,1,1749852915.1569712
1749852915.1714873,2025-06-13 23:15:15,ALM_4,fed_b41qf41a,0.006674528121948242,0.007004261016845703,3.434419631958008,198.17578125,0.0,1556,chess,completed,0,2.384185791015625e-06,0.00016045570373535156,0.0029332637786865234,0.0008761882781982422,0.002621173858642578,0.00092315673828125,2,0,Unknown,0.5,0.2,1,1749852915.1595812
1749773942.9439132,2025-06-13 01:19:02,ALM_1,fed_b2k5e3be,2.461858034133911,2.462123155593872,677.0374774932861,205.41796875,0.0,1582,chess_example,completed,0,2.1457672119140625e-06,0.00011539459228515625,0.0010454654693603516,0.0005769729614257812,0.002614259719848633,0.0017368793487548828,2,0,Unknown,0.5,0.2,1,1749773939.8038688
1749773942.9741647,2025-06-13 01:19:02,ALM_4,fed_b2k5e3be,2.9946322441101074,2.994852066040039,173.95591735839844,204.91015625,0.0,1581,chess_example,completed,0,1.9073486328125e-06,0.00011134147644042969,0.0007877349853515625,0.0007872581481933594,0.003555774688720703,0.0018186569213867188,2,0,Unknown,0.5,0.2,1,1749773939.8039823
1749773943.8908942,2025-06-13 01:19:03,ALM_5,fed_b2k5e3be,3.756042003631592,3.7562918663024902,330.1072120666504,205.87109375,0.0,92250,chess_example,completed,0,9.5367431640625e-07,0.0002536773681640625,0.0018165111541748047,0.0004286766052246094,0.002485513687133789,0.0016245841979980469,2,0,Unknown,0.5,0.2,1,1749773939.8033314
1749773943.9384665,2025-06-13 01:19:03,ALM_2,fed_b2k5e3be,3.2189180850982666,3.2191643714904785,915.3866767883301,205.51953125,0.0,1586,chess_example,completed,0,1.9073486328125e-06,0.0001575946807861328,0.0014770030975341797,0.00039505958557128906,0.0028536319732666016,0.0017652511596679688,2,0,Unknown,0.5,0.2,1,1749773939.8028696
1749773943.9586616,2025-06-13 01:19:03,ALM_3,fed_b2k5e3be,4.106425762176514,4.106647729873657,47.65653610229492,206.0859375,0.0,88352,chess_example,completed,0,1.9073486328125e-06,0.0002448558807373047,0.0018277168273925781,0.0007936954498291016,0.0027801990509033203,0.0017023086547851562,2,0,Unknown,0.5,0.2,1,1749773939.8034039
1749773609.846215,2025-06-13 01:13:29,ALM_5,fed_d3h09hkp,0.010869979858398438,0.012062549591064453,177.98137664794922,199.2109375,0.0,1589,chess_example,completed,0,1.6689300537109375e-06,0.000125885009765625,0.0016331672668457031,0.0006136894226074219,0.0033104419708251953,0.0005421638488769531,2,0,Unknown,0.5,0.2,1,1749773609.6545846
1749773609.9709456,2025-06-13 01:13:29,ALM_2,fed_d3h09hkp,0.00792551040649414,0.008148670196533203,301.88655853271484,198.921875,0.0,1583,chess_example,completed,0,1.430511474609375e-06,0.0001246929168701172,0.0010917186737060547,0.0007662773132324219,0.003023386001586914,0.0009694099426269531,2,0,Unknown,0.5,0.2,1,1749773609.659546
1749773610.0122516,2025-06-13 01:13:30,ALM_4,fed_d3h09hkp,0.008320093154907227,0.008504152297973633,343.16563606262207,198.96875,0.0,1586,chess_example,completed,0,7.152557373046875e-07,0.00017380714416503906,0.001140594482421875,0.0006580352783203125,0.0027599334716796875,0.0008068084716796875,2,0,Unknown,0.5,0.2,1,1749773609.6582708
1749773610.042042,2025-06-13 01:13:30,ALM_3,fed_d3h09hkp,0.008587121963500977,0.00901937484741211,373.7955093383789,198.78125,0.0,1584,chess_example,completed,0,1.6689300537109375e-06,0.00012445449829101562,0.0021970272064208984,0.0006508827209472656,0.002613067626953125,0.0003771781921386719,2,0,Unknown,0.5,0.2,1,1749773609.6573224
1749773610.1190126,2025-06-13 01:13:30,ALM_1,fed_d3h09hkp,0.007375955581665039,0.008227348327636719,454.3759822845459,198.26953125,0.0,1588,chess_example,completed,0,1.9073486328125e-06,0.00011610984802246094,0.0015094280242919922,0.0005087852478027344,0.001161336898803711,0.00033473968505859375,2,0,Unknown,0.5,0.2,1,1749773609.6554408
1749772802.1688824,2025-06-13 01:00:02,ALM_3,fed_6v1vgjqc,20.852613925933838,20.853150844573975,744.2870140075684,206.609375,0.0,1896,mushroom_example,completed,0,3.337860107421875e-06,0.0002779960632324219,0.0026040077209472656,0.0009071826934814453,0.01158595085144043,0.010141849517822266,2,0,Unknown,0.5,0.2,1,1749772780.5696678
1749772802.1871514,2025-06-13 01:00:02,ALM_5,fed_6v1vgjqc,21.065508365631104,21.06607723236084,555.959939956665,207.4921875,0.0,131486,mushroom_example,completed,0,2.6226043701171875e-06,0.0005946159362792969,0.0036826133728027344,0.001592874526977539,0.01350855827331543,0.011106252670288086,2,0,Unknown,0.5,0.2,1,1749772780.5632527
1749772804.1800573,2025-06-13 01:00:04,ALM_2,fed_6v1vgjqc,23.389546155929565,23.38993763923645,246.5231418609619,207.73828125,0.0,74199,mushroom_example,completed,0,1.1444091796875e-05,0.00037670135498046875,0.006310462951660156,0.002088308334350586,0.010399580001831055,0.00687718391418457,2,0,Unknown,0.5,0.2,1,1749772780.5416348
1749772806.1801426,2025-06-13 01:00:06,ALM_1,fed_6v1vgjqc,25.196237325668335,25.196808338165283,415.79675674438477,207.16796875,0.0,123526,mushroom_example,completed,0,3.5762786865234375e-06,0.0006940364837646484,0.0038568973541259766,0.0009675025939941406,0.012218952178955078,0.010079383850097656,2,0,Unknown,0.5,0.2,1,1749772780.5647786
1749825204.7423928,2025-06-13 15:33:24,ALM_4,fed_59zfgz1d,0.0034766197204589844,0.0037641525268554688,0.965118408203125,199.515625,0.0,1578,T10I4D100K,completed,0,1.430511474609375e-06,0.0001380443572998047,0.0006954669952392578,0.0005121231079101562,0.0010492801666259766,0.0003554821014404297,2,0,Unknown,0.5,0.2,1,1749825204.7369094
1749825204.7437816,2025-06-13 15:33:24,ALM_3,fed_59zfgz1d,0.0040950775146484375,0.004329204559326172,1.5995502471923828,200.0703125,0.0,1579,T10I4D100K,completed,0,1.430511474609375e-06,0.00012493133544921875,0.0012969970703125,0.0006058216094970703,0.0014309883117675781,0.0005733966827392578,2,0,Unknown,0.5,0.2,1,1749825204.7363136
1749825204.74887,2025-06-13 15:33:24,ALM_5,fed_59zfgz1d,0.002518177032470703,0.002743244171142578,1.3616085052490234,200.12109375,0.0,1580,T10I4D100K,completed,0,1.6689300537109375e-06,0.00014138221740722656,0.0010726451873779297,0.00043129920959472656,0.0012350082397460938,0.0005342960357666016,2,0,Unknown,0.5,0.2,1,1749825204.7439222
1749821851.413003,2025-06-13 14:37:31,ALM_3,fed_449wqf2a,0.014570236206054688,0.015743255615234375,801.6147613525391,198.55078125,0.0,1552,skin,completed,0,9.5367431640625e-07,0.00017309188842773438,0.00202178955078125,0.0007007122039794922,0.0062253475189208984,0.0036270618438720703,2,0,Unknown,0.5,0.2,1,1749821850.5946238
1749821851.4152231,2025-06-13 14:37:31,ALM_5,fed_449wqf2a,0.018072128295898438,0.01841282844543457,799.4916439056396,199.37890625,0.0,1552,skin,completed,0,2.384185791015625e-06,0.00019407272338867188,0.0008780956268310547,0.001661539077758789,0.0070629119873046875,0.004999399185180664,2,0,Unknown,0.5,0.2,1,1749821850.5949244
1749821851.4237466,2025-06-13 14:37:31,ALM_2,fed_449wqf2a,0.009337425231933594,0.009569883346557617,787.346601486206,199.0234375,0.0,1551,skin,completed,0,1.1920928955078125e-06,0.0001423358917236328,0.0019435882568359375,0.0010466575622558594,0.0051462650299072266,0.0035517215728759766,2,0,Unknown,0.5,0.2,1,1749821850.625415
1749773188.6321936,2025-06-13 01:06:28,ALM_3,fed_iiwqa5zy,18.221516370773315,18.22182011604309,2.4623870849609375,215.0234375,0.0,1596,mushroom_example,completed,0,2.384185791015625e-06,0.00013017654418945312,0.001203298568725586,0.0008432865142822266,0.0024466514587402344,0.0004703998565673828,2,0,Unknown,0.5,0.2,1,1749773170.4068968
1749773188.6570964,2025-06-13 01:06:28,ALM_2,fed_iiwqa5zy,18.248307704925537,18.24864172935486,2.355813980102539,215.7578125,0.0,1599,mushroom_example,completed,0,2.1457672119140625e-06,0.00016546249389648438,0.0020813941955566406,0.0008516311645507812,0.0042493343353271484,0.0020880699157714844,2,0,Unknown,0.5,0.2,1,1749773170.4050765
1749773188.6967041,2025-06-13 01:06:28,ALM_1,fed_iiwqa5zy,18.272753715515137,18.27304482460022,12.62044906616211,210.546875,0.0,136638,mushroom_example,completed,0,1.9073486328125e-06,0.0003905296325683594,0.002864360809326172,0.0005218982696533203,0.0012607574462890625,0.00041556358337402344,2,0,Unknown,0.5,0.2,1,1749773170.4099343
1749773190.5575871,2025-06-13 01:06:30,ALM_4,fed_iiwqa5zy,20.140347003936768,20.14059352874756,13.422012329101562,217.71875,0.0,151256,mushroom_example,completed,0,1.6689300537109375e-06,0.00035262107849121094,0.0018336772918701172,0.0007140636444091797,0.0021822452545166016,0.0007481575012207031,2,0,Unknown,0.5,0.2,1,1749773170.4025812
1749773191.5366976,2025-06-13 01:06:31,ALM_5,fed_iiwqa5zy,21.11667227745056,21.11691665649414,10.586738586425781,216.3515625,0.0,131031,mushroom_example,completed,0,2.6226043701171875e-06,0.00029397010803222656,0.0019233226776123047,0.0005519390106201172,0.0019097328186035156,0.0004420280456542969,2,0,Unknown,0.5,0.2,1,1749773170.4082334
1749804725.1195505,2025-06-13 09:52:05,ALM_3,fed_6vnkp8qo,2.460561990737915,2.4608235359191895,2.3927688598632812,211.44140625,0.0,1968,chess_example,completed,0,1.9073486328125e-06,0.0001423358917236328,0.0018002986907958984,0.0011224746704101562,0.002750873565673828,0.0012898445129394531,2,0,Unknown,0.5,0.2,1,1749804722.655552
1749804725.1467617,2025-06-13 09:52:05,ALM_2,fed_6vnkp8qo,2.493814706802368,2.4941065311431885,2.267122268676758,211.90625,0.0,1578,chess_example,completed,0,1.9073486328125e-06,0.00013685226440429688,0.0018544197082519531,0.0006110668182373047,0.0013537406921386719,0.0005321502685546875,2,0,Unknown,0.5,0.2,1,1749804722.6494613
1749804725.8655078,2025-06-13 09:52:05,ALM_5,fed_6vnkp8qo,3.2090470790863037,3.2092583179473877,9.31692123413086,212.85546875,0.0,95438,chess_example,completed,0,1.430511474609375e-06,0.00031280517578125,0.002762317657470703,0.0009324550628662109,0.0027816295623779297,0.0012049674987792969,2,0,Unknown,0.5,0.2,1,1749804722.6459856
1749804726.1756644,2025-06-13 09:52:06,ALM_4,fed_6vnkp8qo,3.524688482284546,3.5249149799346924,6.280183792114258,212.65234375,0.0,70838,chess_example,completed,0,1.6689300537109375e-06,0.0002186298370361328,0.0019838809967041016,0.0011532306671142578,0.008164644241333008,0.004446744918823242,2,0,Unknown,0.5,0.2,1,1749804722.6437104
1749804726.4179037,2025-06-13 09:52:06,ALM_1,fed_6vnkp8qo,3.7636775970458984,3.763875961303711,7.506132125854492,212.4375,0.0,89235,chess_example,completed,0,2.1457672119140625e-06,0.0002493858337402344,0.0022268295288085938,0.0010001659393310547,0.002401113510131836,0.0007841587066650391,2,0,Unknown,0.5,0.2,1,1749804722.6456976
1749824852.482933,2025-06-13 15:27:32,ALM_3,fed_78ymij5x,0.012173891067504883,0.0123748779296875,85.8910083770752,198.25390625,0.0,1561,connect,completed,0,1.430511474609375e-06,0.00013589859008789062,0.0010938644409179688,0.0008056163787841797,0.007450103759765625,0.005559444427490234,2,0,Unknown,0.5,0.2,1,1749824852.3838377
1749824853.381477,2025-06-13 15:27:33,ALM_2,fed_78ymij5x,0.009420394897460938,0.009706735610961914,984.199047088623,197.9296875,0.0,1565,connect,completed,0,1.6689300537109375e-06,0.00014710426330566406,0.0014576911926269531,0.0004763603210449219,0.0059833526611328125,0.0049169063568115234,2,0,Unknown,0.5,0.2,1,1749824852.386519
1749824853.3909576,2025-06-13 15:27:33,ALM_1,fed_78ymij5x,0.010593175888061523,0.010823488235473633,1009.8426342010498,197.3359375,0.0,1561,connect,completed,0,1.6689300537109375e-06,0.00014090538024902344,0.0009715557098388672,0.0007152557373046875,0.006024599075317383,0.004362583160400391,2,0,Unknown,0.5,0.2,1,1749824852.369194
1749824911.0595503,2025-06-13 15:28:31,ALM_5,fed_dps3ar4n,0.003992319107055664,0.005503416061401367,1.081705093383789,198.23046875,0.0,1567,connect,completed,0,1.1920928955078125e-06,0.00012636184692382812,0.0008153915405273438,0.0004813671112060547,0.0014154911041259766,0.00038933753967285156,2,0,Unknown,0.5,0.2,1,1749824911.0521917
1749824911.06083,2025-06-13 15:28:31,ALM_4,fed_dps3ar4n,0.004552364349365234,0.004845857620239258,1.1975765228271484,198.30078125,0.0,1563,connect,completed,0,1.1920928955078125e-06,0.00011467933654785156,0.0010805130004882812,0.000385284423828125,0.0012173652648925781,0.0004405975341796875,2,0,Unknown,0.5,0.2,1,1749824911.0540133
1749824911.061985,2025-06-13 15:28:31,ALM_1,fed_dps3ar4n,0.003200054168701172,0.0034122467041015625,1.1687278747558594,197.8359375,0.0,1565,connect,completed,0,9.5367431640625e-07,0.00011682510375976562,0.0014090538024902344,0.00042319297790527344,0.0010187625885009766,0.00037407875061035156,2,0,Unknown,0.5,0.2,1,1749824911.0567915
1749821902.5092266,2025-06-13 14:38:22,ALM_1,fed_l3fjin9q,0.004815101623535156,0.005082368850708008,1.1734962463378906,199.75390625,0.0,1553,skin,completed,0,7.152557373046875e-07,0.00012803077697753906,0.0006623268127441406,0.0019156932830810547,0.003226757049560547,0.00044655799865722656,2,0,Unknown,0.5,0.2,1,1749821902.5023677
1749821902.510109,2025-06-13 14:38:22,ALM_4,fed_l3fjin9q,0.004263877868652344,0.004598855972290039,0.8761882781982422,199.3125,0.0,1551,skin,completed,0,1.430511474609375e-06,0.0001285076141357422,0.001312255859375,0.0005576610565185547,0.0017535686492919922,0.0009377002716064453,2,0,Unknown,0.5,0.2,1,1749821902.5038068
1749821902.5118904,2025-06-13 14:38:22,ALM_2,fed_l3fjin9q,0.0034677982330322266,0.004313230514526367,1.2912750244140625,199.2734375,0.0,1547,skin,completed,0,2.1457672119140625e-06,0.00013256072998046875,0.0011272430419921875,0.00054931640625,0.0012445449829101562,0.0003986358642578125,2,0,Unknown,0.5,0.2,1,1749821902.505476
1749804697.5311728,2025-06-13 09:51:37,ALM_2,fed_wiv4vyot,2.546029567718506,2.546387195587158,918.426513671875,206.28125,0.0,1576,chess_example,completed,0,1.9073486328125e-06,0.00018262863159179688,0.0012905597686767578,0.0006096363067626953,0.002634763717651367,0.0017094612121582031,2,0,Unknown,0.5,0.2,1,1749804694.0654075
1749804698.2949605,2025-06-13 09:51:38,ALM_3,fed_wiv4vyot,3.3322248458862305,3.332458019256592,898.7665176391602,206.06640625,0.0,1976,chess_example,completed,0,1.6689300537109375e-06,0.00014901161193847656,0.001172780990600586,0.0005795955657958984,0.003190755844116211,0.0022258758544921875,2,0,Unknown,0.5,0.2,1,1749804694.0629158
1749804698.4891431,2025-06-13 09:51:38,ALM_4,fed_wiv4vyot,3.823681354522705,3.8238980770111084,625.3182888031006,206.77734375,0.0,82666,chess_example,completed,0,1.6689300537109375e-06,0.0002486705780029297,0.001962423324584961,0.0016293525695800781,0.005590677261352539,0.002112150192260742,2,0,Unknown,0.5,0.2,1,1749804694.0386226
1749804698.5059109,2025-06-13 09:51:38,ALM_1,fed_wiv4vyot,4.011999845504761,4.012228965759277,453.5982608795166,206.3125,0.0,76691,chess_example,completed,0,1.1920928955078125e-06,0.00021648406982421875,0.0030820369720458984,0.0007855892181396484,0.005152225494384766,0.0025691986083984375,2,0,Unknown,0.5,0.2,1,1749804694.0391734
1749804698.5813327,2025-06-13 09:51:38,ALM_5,fed_wiv4vyot,3.7676682472229004,3.7679553031921387,756.1254501342773,206.98046875,0.0,78797,chess_example,completed,0,2.86102294921875e-06,0.0002617835998535156,0.0023522377014160156,0.0006010532379150391,0.003561735153198242,0.002239227294921875,2,0,Unknown,0.5,0.2,1,1749804694.0561228
1749852885.1302276,2025-06-13 23:14:45,ALM_1,fed_gt42aqnl,0.0025794506072998047,0.0028553009033203125,2.6197433471679688,197.46484375,0.0,1563,chess,completed,0,1.1920928955078125e-06,0.0001323223114013672,0.001323699951171875,0.00044989585876464844,0.0011675357818603516,0.0004987716674804688,2,0,Unknown,0.5,0.2,1,1749852885.1238034
1749852885.1317227,2025-06-13 23:14:45,ALM_5,fed_gt42aqnl,0.004637479782104492,0.004904747009277344,4.080533981323242,198.58984375,0.0,1554,chess,completed,0,1.9073486328125e-06,0.000133514404296875,0.0017747879028320312,0.0006649494171142578,0.0013241767883300781,0.00035381317138671875,2,0,Unknown,0.5,0.2,1,1749852885.1217408
1749852885.1369536,2025-06-13 23:14:45,ALM_4,fed_gt42aqnl,0.0032045841217041016,0.0035219192504882812,3.1976699829101562,198.17578125,0.0,1555,chess,completed,0,1.9073486328125e-06,0.00013494491577148438,0.0016336441040039062,0.0006077289581298828,0.0014586448669433594,0.0005714893341064453,2,0,Unknown,0.5,0.2,1,1749852885.1288807
1749804755.019619,2025-06-13 09:52:35,ALM_2,fed_f18h3i6f,2.3234875202178955,2.3237416744232178,2.09808349609375,217.15625,0.0,1583,chess_example,completed,0,2.384185791015625e-06,0.00011610984802246094,0.0009696483612060547,0.0005376338958740234,0.0013570785522460938,0.0004527568817138672,2,0,Unknown,0.5,0.2,1,1749804752.6930914
1749804755.9039385,2025-06-13 09:52:35,ALM_3,fed_f18h3i6f,3.209514617919922,3.2097182273864746,1.842498779296875,216.81640625,0.0,1577,chess_example,completed,0,2.86102294921875e-06,0.00012254714965820312,0.0012683868408203125,0.0006811618804931641,0.0018463134765625,0.0004055500030517578,2,0,Unknown,0.5,0.2,1,1749804752.691674
1749804756.569455,2025-06-13 09:52:36,ALM_1,fed_f18h3i6f,3.872398614883423,3.87264347076416,7.600545883178711,212.6875,0.0,84368,chess_example,completed,0,2.384185791015625e-06,0.00022029876708984375,0.0025358200073242188,0.0007009506225585938,0.002185344696044922,0.0007646083831787109,2,0,Unknown,0.5,0.2,1,1749804752.6881812
1749804756.5909686,2025-06-13 09:52:36,ALM_4,fed_f18h3i6f,3.895157814025879,3.895394802093506,7.584810256958008,212.77734375,0.0,81758,chess_example,completed,0,2.1457672119140625e-06,0.00023365020751953125,0.0020041465759277344,0.0014202594757080078,0.002466917037963867,0.0007853507995605469,2,0,Unknown,0.5,0.2,1,1749804752.686907
1749804756.6922634,2025-06-13 09:52:36,ALM_5,fed_f18h3i6f,3.9931414127349854,3.9933583736419678,7.953882217407227,218.60546875,0.0,89979,chess_example,completed,0,1.430511474609375e-06,0.0002384185791015625,0.0024650096893310547,0.0011348724365234375,0.0027475357055664062,0.0007607936859130859,2,0,Unknown,0.5,0.2,1,1749804752.6900556
1749773613.9906962,2025-06-13 01:13:33,ALM_2,fed_sqejiw8h,0.17719149589538574,0.2035200595855713,6.321430206298828,206.671875,0.0,1582,chess_example,completed,0,1.6689300537109375e-06,0.0001766681671142578,0.006396055221557617,0.006411552429199219,0.0816645622253418,0.005907297134399414,2,0,Unknown,0.5,0.2,1,1749773613.7644718
1749773614.0196674,2025-06-13 01:13:34,ALM_4,fed_sqejiw8h,0.19224190711975098,0.22887730598449707,6.3228607177734375,206.59375,0.0,1581,chess_example,completed,0,2.1457672119140625e-06,0.00012826919555664062,0.0059397220611572266,0.005840301513671875,0.09099745750427246,0.0008053779602050781,2,0,Unknown,0.5,0.2,1,1749773613.7627149
1749773614.0396998,2025-06-13 01:13:34,ALM_3,fed_sqejiw8h,0.14790034294128418,0.17400622367858887,6.305456161499023,206.28125,0.0,1581,chess_example,completed,0,1.1920928955078125e-06,0.0001926422119140625,0.005743741989135742,0.011079072952270508,0.0276947021484375,0.005688190460205078,2,0,Unknown,0.5,0.2,1,1749773613.8264072
1749773614.0644848,2025-06-13 01:13:34,ALM_1,fed_sqejiw8h,0.11976766586303711,0.17226362228393555,6.745815277099609,205.89453125,0.0,1584,chess_example,completed,0,9.5367431640625e-07,0.000392913818359375,0.006672382354736328,0.010763168334960938,0.03787422180175781,0.010843992233276367,2,0,Unknown,0.5,0.2,1,1749773613.8755264
1749773614.1128376,2025-06-13 01:13:34,ALM_5,fed_sqejiw8h,0.15239477157592773,0.16359543800354004,7.645368576049805,206.8359375,0.0,1581,chess_example,completed,0,2.1457672119140625e-06,0.00021719932556152344,0.006650209426879883,0.010772705078125,0.052875518798828125,0.010745763778686523,2,0,Unknown,0.5,0.2,1,1749773613.9033613
1749823602.6550634,2025-06-13 15:06:42,ALM_5,fed_j3ldajeh,0.004065036773681641,0.004349470138549805,2.8786659240722656,198.1640625,0.0,1576,RecordLink,completed,0,2.1457672119140625e-06,0.0001468658447265625,0.002394437789916992,0.0005202293395996094,0.001397848129272461,0.0005843639373779297,2,0,Unknown,0.5,0.2,1,1749823602.647098
1749823602.6599112,2025-06-13 15:06:42,ALM_2,fed_j3ldajeh,0.005230903625488281,0.005544185638427734,1.2290477752685547,198.14453125,0.0,1571,RecordLink,completed,0,1.9073486328125e-06,0.0001361370086669922,0.0009808540344238281,0.0011568069458007812,0.002938508987426758,0.0012664794921875,2,0,Unknown,0.5,0.2,1,1749823602.652163
1749823602.6609702,2025-06-13 15:06:42,ALM_4,fed_j3ldajeh,0.004029273986816406,0.00437474250793457,1.3496875762939453,198.515625,0.0,1572,RecordLink,completed,0,9.5367431640625e-07,0.0001270771026611328,0.0010623931884765625,0.0004596710205078125,0.0011820793151855469,0.000438690185546875,2,0,Unknown,0.5,0.2,1,1749823602.6543016
1749773422.279199,2025-06-13 01:10:22,ALM_3,fed_2a65vbiy,13.625277042388916,13.626014947891235,70.58525085449219,212.64453125,0.0,1924,mushroom_example,completed,0,1.9073486328125e-06,0.0001327991485595703,0.002936840057373047,0.0005233287811279297,0.0028884410858154297,0.0021386146545410156,2,0,Unknown,0.5,0.2,1,1749773408.5813358
1749773424.1179426,2025-06-13 01:10:24,ALM_2,fed_2a65vbiy,15.141210317611694,15.141812324523926,368.31164360046387,213.8359375,0.0,83615,mushroom_example,completed,0,1.9073486328125e-06,0.00027298927307128906,0.007331371307373047,0.0007367134094238281,0.003795623779296875,0.0021266937255859375,2,0,Unknown,0.5,0.2,1,1749773408.5810812
1749773426.9641366,2025-06-13 01:10:26,ALM_1,fed_2a65vbiy,17.634671926498413,17.635650157928467,726.8798351287842,213.7890625,0.0,131691,mushroom_example,completed,0,1.430511474609375e-06,0.00038743019104003906,0.00894021987915039,0.0006556510925292969,0.0034224987030029297,0.002428293228149414,2,0,Unknown,0.5,0.2,1,1749773408.5901816
1749773428.3706825,2025-06-13 01:10:28,ALM_4,fed_2a65vbiy,19.230350255966187,19.230929136276245,532.9327583312988,215.15234375,0.0,113564,mushroom_example,completed,0,1.9073486328125e-06,0.0003490447998046875,0.007816553115844727,0.0006058216094970703,0.003359556198120117,0.002473592758178711,2,0,Unknown,0.5,0.2,1,1749773408.579732
1749773434.2557132,2025-06-13 01:10:34,ALM_5,fed_2a65vbiy,25.570563316345215,25.57218599319458,66.71500205993652,215.46875,0.0,173809,mushroom_example,completed,0,1.9073486328125e-06,0.0007033348083496094,0.013110160827636719,0.0005328655242919922,0.003237009048461914,0.0023322105407714844,2,0,Unknown,0.5,0.2,1,1749773408.5836523
1749773947.3642712,2025-06-13 01:19:07,ALM_4,fed_l4if41r5,2.405367374420166,2.405611753463745,2.064228057861328,210.53515625,0.0,1582,chess_example,completed,0,1.6689300537109375e-06,0.0001392364501953125,0.0016095638275146484,0.0005476474761962891,0.0020227432250976562,0.0008726119995117188,2,0,Unknown,0.5,0.2,1,1749773944.9558966
1749773948.191602,2025-06-13 01:19:08,ALM_1,fed_l4if41r5,3.23002290725708,3.2302322387695312,1.409292221069336,210.79296875,0.0,1942,chess_example,completed,0,2.1457672119140625e-06,0.00011301040649414062,0.0008821487426757812,0.0004379749298095703,0.001161813735961914,0.0004405975341796875,2,0,Unknown,0.5,0.2,1,1749773944.9592083
1749773948.3059492,2025-06-13 01:19:08,ALM_2,fed_l4if41r5,3.3471250534057617,3.3473775386810303,1.4448165893554688,205.89453125,0.0,1587,chess_example,completed,0,2.384185791015625e-06,0.00010752677917480469,0.0013937950134277344,0.0009245872497558594,0.0029485225677490234,0.0009348392486572266,2,0,Unknown,0.5,0.2,1,1749773944.9565353
1749773948.9566796,2025-06-13 01:19:08,ALM_5,fed_l4if41r5,3.9876999855041504,3.9879229068756104,9.091615676879883,211.87109375,0.0,101611,chess_example,completed,0,1.430511474609375e-06,0.0002608299255371094,0.0018210411071777344,0.0005669593811035156,0.0019197463989257812,0.0003840923309326172,2,0,Unknown,0.5,0.2,1,1749773944.9586406
1749773949.0220494,2025-06-13 01:19:09,ALM_3,fed_l4if41r5,4.0570080280303955,4.0572168827056885,6.460905075073242,206.4609375,0.0,84062,chess_example,completed,0,1.1920928955078125e-06,0.0002155303955078125,0.0013937950134277344,0.0005588531494140625,0.0018842220306396484,0.0005781650543212891,2,0,Unknown,0.5,0.2,1,1749773944.9576051
1749770199.1874454,2025-06-13 00:16:39,ALM_4,fed_4bbal6b2,15.848401308059692,15.84903073310852,4.354238510131836,209.49609375,0.0,1926,mushroom_example,completed,332,4.291534423828125e-06,0.00023865699768066406,0.0022597312927246094,0.0005350112915039062,0.002141714096069336,0.0012159347534179688,2,0,Unknown,0.5,0.2,1,1749770183.3327706
1749770205.4951518,2025-06-13 00:16:45,ALM_1,fed_4bbal6b2,22.156012296676636,22.156236171722412,9.462594985961914,216.47265625,0.0,85499,mushroom_example,completed,83900,1.6689300537109375e-06,0.00025272369384765625,0.0030825138092041016,0.0032150745391845703,0.0051343441009521484,0.0010437965393066406,2,0,Unknown,0.5,0.2,1,1749770183.328246
1749770206.0698078,2025-06-13 00:16:46,ALM_5,fed_4bbal6b2,22.71315336227417,22.71349000930786,15.59138298034668,217.34375,0.0,121565,mushroom_example,completed,119968,4.5299530029296875e-06,0.0003190040588378906,0.0048923492431640625,0.001138448715209961,0.0019693374633789062,0.0005192756652832031,2,0,Unknown,0.5,0.2,1,1749770183.3386703
1749770206.7671776,2025-06-13 00:16:46,ALM_3,fed_4bbal6b2,23.42460608482361,23.424829721450806,11.710643768310547,217.6875,0.0,129445,mushroom_example,completed,127848,1.430511474609375e-06,0.0005488395690917969,0.002713918685913086,0.0035386085510253906,0.004399299621582031,0.0004799365997314453,2,0,Unknown,0.5,0.2,1,1749770183.3287559
1749770208.841026,2025-06-13 00:16:48,ALM_2,fed_4bbal6b2,25.499047994613647,25.499286651611328,10.995864868164062,217.1171875,0.0,135903,mushroom_example,completed,134304,3.337860107421875e-06,0.0004892349243164062,0.0021696090698242188,0.0011751651763916016,0.002719402313232422,0.0008847713470458984,2,0,Unknown,0.5,0.2,1,1749770183.3296866
1749773458.1241374,2025-06-13 01:10:58,ALM_3,fed_c207rljm,13.233307600021362,13.233570575714111,1.917123794555664,223.01953125,0.0,1597,mushroom_example,completed,0,2.1457672119140625e-06,0.00012826919555664062,0.0015208721160888672,0.0007207393646240234,0.0028214454650878906,0.001287698745727539,2,0,Unknown,0.5,0.2,1,1749773444.88799
1749773460.0596154,2025-06-13 01:11:00,ALM_2,fed_c207rljm,15.159493446350098,15.159726858139038,12.268781661987305,224.83203125,0.0,121765,mushroom_example,completed,0,1.6689300537109375e-06,0.00034046173095703125,0.0026929378509521484,0.0005588531494140625,0.0019948482513427734,0.0007853507995605469,2,0,Unknown,0.5,0.2,1,1749773444.8864634
1749773468.4883401,2025-06-13 01:11:08,ALM_1,fed_c207rljm,23.36703109741211,23.36725878715515,11.178016662597656,218.71484375,0.0,140331,mushroom_example,completed,0,1.9073486328125e-06,0.0003566741943359375,0.002636432647705078,0.005881309509277344,0.03274679183959961,0.010871648788452148,2,0,Unknown,0.5,0.2,1,1749773445.1090062
1749773479.163513,2025-06-13 01:11:19,ALM_5,fed_c207rljm,34.103535652160645,34.10380029678345,16.24917984008789,226.66015625,0.0,163142,mushroom_example,completed,0,2.1457672119140625e-06,0.00038123130798339844,0.004414558410644531,0.010850667953491211,0.04308056831359863,0.005837202072143555,2,0,Unknown,0.5,0.2,1,1749773445.0421226
1749770226.6764796,2025-06-13 00:17:06,ALM_4,fed_fufft6oz,13.316919326782227,13.317142486572266,2.1598339080810547,216.29296875,0.0,1903,mushroom_example,completed,304,1.6689300537109375e-06,8.869171142578125e-05,0.0017521381378173828,0.00041031837463378906,0.0008928775787353516,0.0003142356872558594,2,0,Unknown,0.5,0.2,1,1749770213.3564403
1749770227.9496112,2025-06-13 00:17:07,ALM_1,fed_fufft6oz,14.586519241333008,14.586746454238892,7.434844970703125,216.69140625,0.0,54894,mushroom_example,completed,53296,1.430511474609375e-06,0.0002086162567138672,0.0025675296783447266,0.0011713504791259766,0.003060579299926758,0.00119781494140625,2,0,Unknown,0.5,0.2,1,1749770213.3533049
1749770231.6097322,2025-06-13 00:17:11,ALM_5,fed_fufft6oz,18.23752188682556,18.23780131340027,9.939908981323242,217.77734375,0.0,107890,mushroom_example,completed,106288,2.1457672119140625e-06,0.0002758502960205078,0.0029380321502685547,0.0007534027099609375,0.0012569427490234375,0.00032067298889160156,2,0,Unknown,0.5,0.2,1,1749770213.3610322
1749770232.5716038,2025-06-13 00:17:12,ALM_3,fed_fufft6oz,19.207488775253296,19.207685947418213,10.43701171875,218.04296875,0.0,132522,mushroom_example,completed,130920,1.6689300537109375e-06,0.0003154277801513672,0.0018019676208496094,0.0007517337799072266,0.002339601516723633,0.0009262561798095703,2,0,Unknown,0.5,0.2,1,1749770213.3524835
1749770234.1306791,2025-06-13 00:17:14,ALM_2,fed_fufft6oz,20.762476682662964,20.762715339660645,11.797428131103516,224.59765625,0.0,136076,mushroom_example,completed,134476,1.6689300537109375e-06,0.0003056526184082031,0.0026607513427734375,0.0005826950073242188,0.0012862682342529297,0.0004410743713378906,2,0,Unknown,0.5,0.2,1,1749770213.3549678
1749825176.4242017,2025-06-13 15:32:56,ALM_4,fed_2lfahlzy,0.011755943298339844,0.012748003005981445,119.42553520202637,199.390625,0.0,1572,T10I4D100K,completed,0,9.5367431640625e-07,0.0001506805419921875,0.002334117889404297,0.0009028911590576172,0.006078958511352539,0.004209041595458984,2,0,Unknown,0.5,0.2,1,1749825176.2911606
1749825176.4311893,2025-06-13 15:32:56,ALM_1,fed_2lfahlzy,0.009724140167236328,0.009994745254516602,127.49934196472168,199.2734375,0.0,1574,T10I4D100K,completed,0,9.5367431640625e-07,0.00013899803161621094,0.0011637210845947266,0.0005867481231689453,0.0047223567962646484,0.003209352493286133,2,0,Unknown,0.5,0.2,1,1749825176.2926624
1749825176.482954,2025-06-13 15:32:56,ALM_5,fed_2lfahlzy,0.006763935089111328,0.006934165954589844,178.6949634552002,199.62109375,0.0,1576,T10I4D100K,completed,0,7.152557373046875e-07,0.00014209747314453125,0.0011734962463378906,0.0004956722259521484,0.0039370059967041016,0.0031328201293945312,2,0,Unknown,0.5,0.2,1,1749825176.2965353
1749825176.563688,2025-06-13 15:32:56,ALM_2,fed_2lfahlzy,0.009108781814575195,0.009467840194702148,259.2301368713379,199.96484375,0.0,1575,T10I4D100K,completed,0,2.384185791015625e-06,0.0002551078796386719,0.0008037090301513672,0.0007748603820800781,0.005200624465942383,0.0036058425903320312,2,0,Unknown,0.5,0.2,1,1749825176.2939522
1749825176.6539316,2025-06-13 15:32:56,ALM_3,fed_2lfahlzy,0.014974355697631836,0.01526331901550293,362.06579208374023,199.6953125,0.0,1573,T10I4D100K,completed,0,1.1920928955078125e-06,0.00016164779663085938,0.0010783672332763672,0.001283407211303711,0.009462833404541016,0.006814479827880859,2,0,Unknown,0.5,0.2,1,1749825176.275699
1749773624.133831,2025-06-13 01:13:44,ALM_3,fed_n6822xyj,14.481698989868164,14.48200249671936,1.8222332000732422,208.56640625,0.0,1599,mushroom_example,completed,0,3.0994415283203125e-06,0.00012803077697753906,0.0010988712310791016,0.0007832050323486328,0.0033483505249023438,0.0022602081298828125,2,0,Unknown,0.5,0.2,1,1749773609.6492403
1749773628.760808,2025-06-13 01:13:48,ALM_2,fed_n6822xyj,19.10015082359314,19.100989818572998,8.841514587402344,209.2734375,0.0,70815,mushroom_example,completed,0,2.6226043701171875e-06,0.0003864765167236328,0.0016744136810302734,0.0007448196411132812,0.005055904388427734,0.0026192665100097656,2,0,Unknown,0.5,0.2,1,1749773609.649579
1749773629.3798552,2025-06-13 01:13:49,ALM_4,fed_n6822xyj,19.713440418243408,19.71372938156128,13.790607452392578,209.50390625,0.0,101934,mushroom_example,completed,0,7.152557373046875e-06,0.0002923011779785156,0.00600123405456543,0.000743865966796875,0.003879547119140625,0.002122163772583008,2,0,Unknown,0.5,0.2,1,1749773609.6513073
1749773630.6615942,2025-06-13 01:13:50,ALM_1,fed_n6822xyj,20.993642568588257,20.994163036346436,14.816522598266602,208.828125,0.0,120705,mushroom_example,completed,0,2.86102294921875e-06,0.0004649162292480469,0.003045797348022461,0.0005826950073242188,0.0040204524993896484,0.002354860305786133,2,0,Unknown,0.5,0.2,1,1749773609.6507301
1749773634.3655403,2025-06-13 01:13:54,ALM_5,fed_n6822xyj,24.699883699417114,24.700128078460693,14.777421951293945,210.5546875,0.0,176883,mushroom_example,completed,0,2.1457672119140625e-06,0.0003876686096191406,0.0037539005279541016,0.0011293888092041016,0.006387948989868164,0.002663135528564453,2,0,Unknown,0.5,0.2,1,1749773609.649607
1749823544.06912,2025-06-13 15:05:44,ALM_5,fed_m61sjtp8,0.013260602951049805,0.013463020324707031,22.270679473876953,197.4140625,0.0,1573,RecordLink,completed,0,1.9073486328125e-06,0.00019550323486328125,0.0012049674987792969,0.0008862018585205078,0.008532047271728516,0.006587982177734375,2,0,Unknown,0.5,0.2,1,1749823544.0316226
1749823545.06333,2025-06-13 15:05:45,ALM_2,fed_m61sjtp8,0.01254582405090332,0.01293325424194336,997.9557991027832,197.64453125,0.0,1573,RecordLink,completed,0,2.384185791015625e-06,0.00022864341735839844,0.0012869834899902344,0.0008990764617919922,0.008094072341918945,0.005972146987915039,2,0,Unknown,0.5,0.2,1,1749823544.051345
1749823545.0725265,2025-06-13 15:05:45,ALM_4,fed_m61sjtp8,0.011630058288574219,0.012007951736450195,1008.3937644958496,197.890625,0.0,1568,RecordLink,completed,0,1.430511474609375e-06,0.00019478797912597656,0.0014781951904296875,0.00079345703125,0.007421016693115234,0.005667209625244141,2,0,Unknown,0.5,0.2,1,1749823544.0511038
1749773218.417966,2025-06-13 01:06:58,ALM_2,fed_31lon1gg,17.989001274108887,17.989256381988525,2.1843910217285156,223.29296875,0.0,2100,mushroom_example,completed,0,1.1920928955078125e-06,0.00024080276489257812,0.0012319087982177734,0.0020127296447753906,0.003391265869140625,0.0009312629699707031,2,0,Unknown,0.5,0.2,1,1749773200.425775
1749773218.6187682,2025-06-13 01:06:58,ALM_3,fed_31lon1gg,18.188122510910034,18.188356161117554,2.0499229431152344,215.96484375,0.0,1596,mushroom_example,completed,0,2.1457672119140625e-06,0.0001285076141357422,0.0010304450988769531,0.0005381107330322266,0.001336812973022461,0.0005047321319580078,2,0,Unknown,0.5,0.2,1,1749773200.4276104
1749773219.6564887,2025-06-13 01:06:59,ALM_4,fed_31lon1gg,19.219407320022583,19.219666004180908,12.023210525512695,218.53515625,0.0,142069,mushroom_example,completed,0,9.059906005859375e-06,0.00039315223693847656,0.0017054080963134766,0.0005674362182617188,0.001474142074584961,0.0004734992980957031,2,0,Unknown,0.5,0.2,1,1749773200.4237344
1749773221.130238,2025-06-13 01:07:01,ALM_5,fed_31lon1gg,20.687897205352783,20.68812918663025,9.807586669921875,223.83203125,0.0,122897,mushroom_example,completed,0,1.9073486328125e-06,0.0002903938293457031,0.0015630722045898438,0.0016562938690185547,0.0052907466888427734,0.0020186901092529297,2,0,Unknown,0.5,0.2,1,1749773200.431464
1749773221.7913923,2025-06-13 01:07:01,ALM_1,fed_31lon1gg,21.33981156349182,21.34000587463379,12.327432632446289,217.13671875,0.0,153586,mushroom_example,completed,0,1.9073486328125e-06,0.000354766845703125,0.0026845932006835938,0.000644683837890625,0.0016107559204101562,0.0006067752838134766,2,0,Unknown,0.5,0.2,1,1749773200.4381297
1749852856.91421,2025-06-13 23:14:16,ALM_1,fed_3o1tdjyd,0.008792877197265625,0.009050130844116211,277.09412574768066,197.33984375,0.0,1552,chess,completed,0,1.430511474609375e-06,0.00012755393981933594,0.0014190673828125,0.0008769035339355469,0.00425410270690918,0.002664327621459961,2,0,Unknown,0.5,0.2,1,1749852856.6272688
1749773435.560052,2025-06-13 01:10:35,ALM_3,fed_nfocww7g,20.45315980911255,20.453413009643555,1.981496810913086,215.8203125,0.0,1592,mushroom_example,completed,0,2.384185791015625e-06,0.00013256072998046875,0.0014226436614990234,0.010754585266113281,0.042957305908203125,0.005895376205444336,2,0,Unknown,0.5,0.2,1,1749773415.1039824
1749773442.8622317,2025-06-13 01:10:42,ALM_2,fed_nfocww7g,27.793113470077515,27.793391227722168,12.383699417114258,217.62109375,0.0,110408,mushroom_example,completed,0,1.6689300537109375e-06,0.0003631114959716797,0.0031363964080810547,0.01082754135131836,0.05320620536804199,0.010854005813598633,2,0,Unknown,0.5,0.2,1,1749773415.0551596
1749773447.6961493,2025-06-13 01:10:47,ALM_4,fed_nfocww7g,32.69990658760071,32.70024299621582,15.130043029785156,218.2734375,0.0,103526,mushroom_example,completed,0,1.6689300537109375e-06,0.0003650188446044922,0.004003763198852539,0.016317367553710938,0.10201859474182129,0.02138376235961914,2,0,Unknown,0.5,0.2,1,1749773414.9794347
1749773448.2018628,2025-06-13 01:10:48,ALM_1,fed_nfocww7g,33.08206582069397,33.082600116729736,16.942262649536133,219.0390625,0.0,123325,mushroom_example,completed,0,2.1457672119140625e-06,0.0003712177276611328,0.004339933395385742,0.011416912078857422,0.04347681999206543,0.01089024543762207,2,0,Unknown,0.5,0.2,1,1749773415.1005814
1749773458.4989612,2025-06-13 01:10:58,ALM_5,fed_nfocww7g,43.389238595962524,43.389957427978516,16.132116317749023,223.78125,0.0,171052,mushroom_example,completed,0,2.1457672119140625e-06,0.000400543212890625,0.0036628246307373047,0.010767459869384766,0.03235983848571777,0.005598783493041992,2,0,Unknown,0.5,0.2,1,1749773415.0912967
1749773159.1481938,2025-06-13 01:05:59,ALM_2,fed_0tx4s9iy,17.326664209365845,17.32690119743347,241.8534755706787,207.96484375,0.0,1590,mushroom_example,completed,0,2.1457672119140625e-06,0.00015211105346679688,0.0010933876037597656,0.0010695457458496094,0.004150390625,0.002663135528564453,2,0,Unknown,0.5,0.2,1,1749773141.5783188
1749773159.149312,2025-06-13 01:05:59,ALM_3,fed_0tx4s9iy,17.35461139678955,17.354868173599243,213.9735221862793,207.71484375,0.0,2036,mushroom_example,completed,0,1.430511474609375e-06,0.00014019012451171875,0.001155853271484375,0.0007991790771484375,0.004784584045410156,0.0035943984985351562,2,0,Unknown,0.5,0.2,1,1749773141.5792885
1749773162.1563199,2025-06-13 01:06:02,ALM_1,fed_0tx4s9iy,20.294854164123535,20.295114517211914,261.07072830200195,208.4921875,0.0,109817,mushroom_example,completed,0,2.1457672119140625e-06,0.0003199577331542969,0.001950979232788086,0.0006558895111083984,0.0028905868530273438,0.0019083023071289062,2,0,Unknown,0.5,0.2,1,1749773141.5986123
1749773163.1601048,2025-06-13 01:06:03,ALM_5,fed_0tx4s9iy,21.425379514694214,21.425647974014282,135.75458526611328,208.16015625,0.0,145908,mushroom_example,completed,0,1.9073486328125e-06,0.0003292560577392578,0.0030956268310546875,0.0012011528015136719,0.005726814270019531,0.0036797523498535156,2,0,Unknown,0.5,0.2,1,1749773141.5974836
1749773164.1614926,2025-06-13 01:06:04,ALM_4,fed_0tx4s9iy,22.212348699569702,22.21255612373352,369.69542503356934,209.4296875,0.0,156743,mushroom_example,completed,0,1.430511474609375e-06,0.00033783912658691406,0.003382444381713867,0.001115560531616211,0.006439924240112305,0.0039844512939453125,2,0,Unknown,0.5,0.2,1,1749773141.577934
1749823572.608293,2025-06-13 15:06:12,ALM_5,fed_6pnk2917,0.005391597747802734,0.005834341049194336,1.3141632080078125,198.0390625,0.0,1577,RecordLink,completed,0,2.6226043701171875e-06,0.00014281272888183594,0.0009872913360595703,0.0005280971527099609,0.001848459243774414,0.0005965232849121094,2,0,Unknown,0.5,0.2,1,1749823572.5997944
1749823572.6127372,2025-06-13 15:06:12,ALM_3,fed_6pnk2917,0.0046122074127197266,0.0054340362548828125,2.5475025177001953,198.03125,0.0,1573,RecordLink,completed,0,1.9073486328125e-06,0.0003254413604736328,0.002166271209716797,0.0007371902465820312,0.001500844955444336,0.00047016143798828125,2,0,Unknown,0.5,0.2,1,1749823572.6011288
1749823572.614139,2025-06-13 15:06:12,ALM_1,fed_6pnk2917,0.005264759063720703,0.005558490753173828,2.3593902587890625,197.76953125,0.0,1579,RecordLink,completed,0,2.1457672119140625e-06,0.00017523765563964844,0.0022079944610595703,0.0005812644958496094,0.0013957023620605469,0.0004706382751464844,2,0,Unknown,0.5,0.2,1,1749823572.6052144
1749823572.616454,2025-06-13 15:06:12,ALM_2,fed_6pnk2917,0.004949808120727539,0.005198001861572266,1.422882080078125,198.01953125,0.0,1574,RecordLink,completed,0,9.5367431640625e-07,0.0001366138458251953,0.0013854503631591797,0.0009400844573974609,0.002269744873046875,0.0007519721984863281,2,0,Unknown,0.5,0.2,1,1749823572.6087203
1749823572.6203423,2025-06-13 15:06:12,ALM_4,fed_6pnk2917,0.005423545837402344,0.00571441650390625,2.068758010864258,198.265625,0.0,1576,RecordLink,completed,0,1.1920928955078125e-06,0.0001430511474609375,0.0013446807861328125,0.0005929470062255859,0.001361846923828125,0.0005283355712890625,2,0,Unknown,0.5,0.2,1,1749823572.6115355
1749772828.840168,2025-06-13 01:00:28,ALM_2,fed_j7ts30u6,19.67741370201111,19.677727460861206,7.577180862426758,216.0,0.0,56675,mushroom_example,completed,0,2.1457672119140625e-06,0.00022482872009277344,0.0023703575134277344,0.000560760498046875,0.0012814998626708984,0.0004813671112060547,2,0,Unknown,0.5,0.2,1,1749772809.1539543
1749772831.2759655,2025-06-13 01:00:31,ALM_3,fed_j7ts30u6,22.113765954971313,22.114109754562378,1.9824504852294922,208.09375,0.0,1595,mushroom_example,completed,0,1.6689300537109375e-06,0.0001277923583984375,0.0012204647064208984,0.0005881786346435547,0.0013022422790527344,0.0004353523254394531,2,0,Unknown,0.5,0.2,1,1749772809.1590955
1749772831.3084192,2025-06-13 01:00:31,ALM_5,fed_j7ts30u6,22.13530445098877,22.13562321662903,13.279914855957031,216.03125,0.0,131683,mushroom_example,completed,0,1.9073486328125e-06,0.0003497600555419922,0.002320528030395508,0.0010199546813964844,0.002843141555786133,0.0007598400115966797,2,0,Unknown,0.5,0.2,1,1749772809.1581972
1749772832.6505973,2025-06-13 01:00:32,ALM_4,fed_j7ts30u6,23.485295057296753,23.48556351661682,8.541584014892578,216.02734375,0.0,95221,mushroom_example,completed,0,1.9073486328125e-06,0.00028514862060546875,0.0024149417877197266,0.0011532306671142578,0.005762338638305664,0.0006518363952636719,2,0,Unknown,0.5,0.2,1,1749772809.1551397
1749772834.4744313,2025-06-13 01:00:34,ALM_1,fed_j7ts30u6,25.305739402770996,25.30597710609436,11.119365692138672,215.36328125,0.0,134984,mushroom_example,completed,0,2.1457672119140625e-06,0.0003020763397216797,0.0025844573974609375,0.0011010169982910156,0.004082679748535156,0.0007884502410888672,2,0,Unknown,0.5,0.2,1,1749772809.156293
